{
  "tasks": [
    {
      "id": 1,
      "name": "John",
      "description": "Doe",
      "dueDate": "Driver",
      "completed": "Formula 1 - Car 77",
      "status": "Active"
    },
    {
      "id": 2,
      "name": "Alex",
      "description": "Sainz",
      "dueDate": "Driver",
      "completed": "Formula 1 - Car 78",
      "status": "Active"
    },
    {
      "name": "padeep",
      "description": "haa",
      "dueDate": "sw",
      "completed": "World Rally Championship - Car 90",
      "id": 7
    },
    {
      "name": "fdsfds",
      "description": "dsfsfs",
      "dueDate": "fdsfsdfds",
      "completed": "World Rally Championship - Car 90",
      "status": "Active",
      "id": 8
    },
    {
      "id": 9,
      "name": "fds",
      "description": "fdfs",
      "dueDate": "fs",
      "completed": "World Endurance Championship - Car 5",
      "status": "Inactive"
    }
  ],
  "teams": [
    {
      "id": 1,
      "teamNameName": "Formula 1 - Car 77"
    },
    {
      "id": 2,
      "teamName": "Formula 1 - Car 8"
    },
    {
      "id": 3,
      "teamName": "Formula 2 - Car 54"
    },
    {
      "id": 4,
      "teamName": "Formula 2 - Car 63"
    },
    {
      "id": 5,
      "teamName": "Deutsche Tourenwagen Masters - Car 117"
    },
    {
      "id": 6,
      "teamName": "Deutsche Tourenwagen Masters - Car 118"
    },
    {
      "id": 7,
      "teamName": "World Endurance Championship - Car 99"
    },
    {
      "id": 8,
      "teamName": "World Endurance Championship - Car 5"
    },
    {
      "id": 9,
      "teamName": "World Rally Championship - Car 77"
    },
    {
      "id": 10,
      "teamName": "World Rally Championship - Car 90"
    }
  ]
}